throttle,steer,cur_speed,cur_x,cur_y,cur_z,cur_pitch,cur_yaw,cur_roll,target_speed,target_x,target_y,target_z,target_pitch,target_yaw,target_roll
1.0,0.8345612287521362,0.12478126974779669,0.2143109588623047,0.11970870208740235,0.8891226026746962,0.75,0.21330682373046875,0.11810525512695312,0.9991810268825955,0.2123068389892578,0.11810783386230468,0.9991810268825955,0.2113068389892578,0.11811040496826172,0.9991810268825955,0.21030685424804688,0.11811297607421875,0.9991810268825955,0.20930685424804688,0.11811554718017578,0.9991810268825955
1.0,0.8899363875389099,0.12771586830740414,0.21402590942382813,0.119881591796875,0.8813178168402778,0.75,0.2130213623046875,0.11810599517822265,0.9991810268825955,0.2120213623046875,0.11810856628417969,0.9991810268825955,0.2110213623046875,0.11811113739013672,0.9991810268825955,0.2100213623046875,0.11811370849609375,0.9991810268825955,0.2090213623046875,0.11811627960205077,0.9991810268825955
1.0,0.945079505443573,0.13021544728902917,0.2137380828857422,0.12006356811523437,0.8735566880967882,0.75,0.21273306274414064,0.1181067352294922,0.9991810268825955,0.21173306274414064,0.11810930633544922,0.9991810268825955,0.21073306274414064,0.11811187744140625,0.9991810268825955,0.20973306274414064,0.11811444854736328,0.9991810268825955,0.20873306274414063,0.11811702728271484,0.9991810268825955
1.0,1.0,0.13215579109133319,0.21344889831542968,0.12025418853759766,0.8658492194281684,0.75,0.21244337463378907,0.11810747528076172,0.9991810268825955,0.21144337463378907,0.11811005401611328,0.9991810268825955,0.21044338989257813,0.11811262512207031,0.9991810268825955,0.20944338989257813,0.11811519622802734,0.9991810268825955,0.20844338989257813,0.11811776733398438,0.9991810268825955
1.0,1.0,0.13367679321993012,0.21315878295898438,0.12045201873779297,0.8583752102322049,0.75,0.21215277099609375,0.11810822296142579,0.9991810268825955,0.21115277099609375,0.11811080169677735,0.9991810268825955,0.21015277099609375,0.11811337280273437,0.9991810268825955,0.20915277099609375,0.1181159439086914,0.9991810268825955,0.20815278625488282,0.11811851501464844,0.9991810268825955
1.0,1.0,0.13471257428810687,0.2128679504394531,0.12065531158447265,0.8513109842936198,0.75,0.21186140441894533,0.11810897827148438,0.9991810268825955,0.21086141967773436,0.11811154937744141,0.9991810268825955,0.20986141967773436,0.11811412048339844,0.9991810268825955,0.20886141967773436,0.11811669158935546,0.9991810268825955,0.2078614196777344,0.1181192626953125,0.9991810268825955
1.0,1.0,0.1352295615310999,0.2125767364501953,0.1208623046875,0.8447833591037326,0.75,0.2115696563720703,0.11810972595214844,0.9991810268825955,0.21056967163085938,0.11811229705810547,0.9991810268825955,0.20956967163085938,0.1181148681640625,0.9991810268825955,0.20856967163085938,0.11811744689941406,0.9991810268825955,0.20756967163085938,0.11812001037597657,0.9991810268825955
1.0,1.0,0.13519066527822138,0.21228550720214845,0.12107109832763673,0.8389035542805989,0.75,0.21127789306640626,0.1181104736328125,0.9991810268825955,0.2102779083251953,0.11811305236816406,0.9991810268825955,0.2092779083251953,0.11811562347412109,0.9991810268825955,0.20827792358398436,0.11811819458007812,0.9991810268825955,0.20727790832519533,0.11812076568603516,0.9991810268825955
1.0,1.0,0.13458440117390127,0.2119945831298828,0.12127996826171875,0.8337170918782552,0.75,0.21098643493652344,0.1181112289428711,0.9991810268825955,0.2099864501953125,0.11811380004882813,0.9991810268825955,0.2089864501953125,0.11811637115478515,0.9991810268825955,0.2079864501953125,0.11811894226074218,0.9991810268825955,0.2069988250732422,0.11812127685546875,1.0003072102864583
1.0,1.0,0.13377727055226668,0.21170437622070312,0.12148758697509765,0.8292507595486112,0.75,0.21069569396972657,0.11811197662353516,0.9991810268825955,0.20969569396972657,0.11811454772949219,0.9991810268825955,0.20869569396972656,0.11811711883544922,0.9991810268825955,0.20769570922851563,0.11811968994140624,0.9991810268825955,0.20673675537109376,0.11811995697021484,1.0029147677951389
1.0,1.0,0.13247081843925929,0.21141566467285156,0.1216923599243164,0.8255775451660157,0.75,0.21242446899414064,0.1251075439453125,1.9991811116536458,0.21342445373535157,0.12510497283935545,1.9991811116536458,0.21442445373535157,0.12510240173339843,1.9991811116536458,0.21542445373535157,0.12509982299804687,1.9991811116536458,0.2164244384765625,0.12509725189208984,1.9991811116536458
1.0,1.0,0.13052390254620125,0.21112942504882812,0.1218927001953125,0.8227144877115885,0.75,0.2121376953125,0.12510828399658203,1.9991811116536458,0.2131376953125,0.12510570526123047,1.9991811116536458,0.2141376953125,0.12510313415527344,1.9991811116536458,0.2151376953125,0.1251005630493164,1.9991811116536458,0.2161376953125,0.12509799194335938,1.9991811116536458
1.0,0.6876901984214783,0.12787343960185926,0.21084375,0.12208283996582031,0.8213102552625868,0.75,0.21185153198242188,0.12510901641845704,1.9991811116536458,0.21285153198242188,0.1251064453125,1.9991811116536458,0.21385153198242188,0.12510387420654298,1.9991811116536458,0.21485153198242188,0.12510130310058593,1.9991811116536458,0.2158515167236328,0.12509872436523437,1.9991811116536458
1.0,1.0,0.12496416671414579,0.2105572052001953,0.12225699615478515,0.8217583550347223,0.75,0.21156454467773436,0.12510975646972655,1.9991811116536458,0.21256454467773436,0.12510718536376952,1.9991811116536458,0.21356454467773436,0.12510460662841796,1.9991811116536458,0.21456454467773436,0.12510203552246094,1.9991811116536458,0.21556454467773437,0.1250994644165039,1.9991811116536458
1.0,1.0,0.12230736662009908,0.21027008056640625,0.12241506195068359,0.8238111707899306,0.75,0.21127700805664062,0.1251104965209961,1.9991811116536458,0.21227700805664063,0.12510792541503907,1.9991811116536458,0.21327700805664063,0.1251053466796875,1.9991811116536458,0.21427700805664063,0.12510277557373048,1.9991811116536458,0.21527700805664063,0.12510020446777342,1.9991811116536458
1.0,1.0,0.11927160595543237,0.20998384094238282,0.1225557861328125,0.8273996988932292,0.75,0.21099041748046876,0.1251112289428711,1.9991811116536458,0.21199041748046876,0.12510865783691405,1.9991811116536458,0.21299041748046876,0.12510608673095702,1.9991811116536458,0.21399041748046874,0.125103515625,1.9991811116536458,0.21499041748046874,0.12510094451904297,1.9991811116536458
1.0,1.0,0.11598441962606912,0.20969992065429688,0.12267809295654297,0.8323694864908854,0.75,0.2107061767578125,0.1251119613647461,1.9991811116536458,0.2117061767578125,0.12510939025878906,1.9991811116536458,0.2127061767578125,0.12510681915283203,1.9991811116536458,0.2137061767578125,0.125104248046875,1.9991811116536458,0.2147061767578125,0.12510167694091798,1.9991811116536458
1.0,0.9857709407806396,0.11249073871429709,0.20941978454589844,0.12278114318847656,0.8385840521918403,0.75,0.21042578125,0.12511268615722657,1.9991811116536458,0.21142578125,0.12511011505126954,1.9991811116536458,0.21242578125,0.12510753631591798,1.9991811116536458,0.21342578125,0.12510496520996095,1.9991811116536458,0.21442578125,0.1251023941040039,1.9991811116536458
1.0,0.9428753852844238,0.1088584132849137,0.2091448974609375,0.12286434936523437,0.8459211561414931,0.75,0.21015068054199218,0.12511339569091798,1.9991811116536458,0.21115068054199218,0.12511081695556642,1.9991811116536458,0.21215068054199218,0.12510824584960936,1.9991811116536458,0.21315066528320312,0.12510567474365233,1.9991811116536458,0.21415066528320312,0.1251031036376953,1.9991811116536458
1.0,0.8973147869110107,0.10513996942956291,0.20887678527832032,0.12292735290527344,0.8542699178059896,0.75,0.20988241577148437,0.1251140823364258,1.9991811116536458,0.21088241577148437,0.12511151123046876,1.9991811116536458,0.21188241577148437,0.1251089401245117,1.9991811116536458,0.2128824005126953,0.12510636901855468,1.9991811116536458,0.2138824005126953,0.12510379028320312,1.9991811116536458
1.0,0.8490428924560547,0.10137190832419249,0.2086169891357422,0.1229699478149414,0.8635287814670138,0.75,0.20962249755859375,0.12511475372314454,1.9991811116536458,0.21062249755859375,0.1251121826171875,1.9991811116536458,0.21162249755859375,0.12510960388183595,1.9991811116536458,0.21262249755859375,0.1251070327758789,1.9991811116536458,0.21362249755859375,0.12510446166992187,1.9991811116536458
1.0,0.7977430820465088,0.09767654164306358,0.20836697387695313,0.12299222564697265,0.873616197374132,0.75,0.2093724365234375,0.12511539459228516,1.9991811116536458,0.2103724365234375,0.12511282348632813,1.9991811116536458,0.2113724365234375,0.1251102523803711,1.9991811116536458,0.2123724365234375,0.12510767364501954,1.9991811116536458,0.21337242126464845,0.1251051025390625,1.9991811116536458
1.0,0.7428299188613892,0.09418133643441834,0.20812802124023438,0.12299430084228516,0.884476555718316,0.75,0.20913348388671876,0.12511601257324217,1.9991811116536458,0.21013348388671876,0.12511343383789061,1.9991811116536458,0.21113348388671874,0.1251108627319336,1.9991811116536458,0.2121334686279297,0.12510829162597656,1.9991811116536458,0.2131334686279297,0.12510572052001953,1.9991811116536458
1.0,0.6836423277854919,0.09099964026636417,0.20790142822265625,0.1229764633178711,0.8960789150661892,0.75,0.2089069366455078,0.12511659240722656,1.9991811116536458,0.20990692138671874,0.12511402130126953,1.9991811116536458,0.21090692138671874,0.1251114501953125,1.9991811116536458,0.21190692138671874,0.12510887145996094,1.9991811116536458,0.21290692138671874,0.1251063003540039,1.9991811116536458
1.0,0.6252124905586243,0.08906359826662215,0.20768600463867187,0.1229404296875,0.9082826402452256,0.75,0.20869160461425781,0.12511714935302734,1.9991811116536458,0.20969160461425781,0.12511457061767578,1.9991811116536458,0.21069158935546875,0.12511199951171875,1.9991811116536458,0.21169158935546875,0.12510942840576172,1.9991811116536458,0.21269158935546875,0.1251068572998047,1.9991811116536458
1.0,0.5726111531257629,0.08843849566535213,0.20747804260253908,0.1228895492553711,0.9208746168348524,0.75,0.20848393249511718,0.12511768341064453,1.9991811116536458,0.20948393249511718,0.12511510467529297,1.9991811116536458,0.21048391723632812,0.12511253356933594,1.9991811116536458,0.21148391723632812,0.1251099624633789,1.9991811116536458,0.21248391723632812,0.12510739135742188,1.9991811116536458
1.0,0.5229681134223938,0.08864928944735968,0.2072747039794922,0.12282637786865234,0.9337530348036024,0.75,0.20828076171875,0.12511820220947265,1.9991811116536458,0.20928076171875,0.12511563110351562,1.9991811116536458,0.21028074645996095,0.1251130599975586,1.9991811116536458,0.21128074645996095,0.12511048889160156,1.9991811116536458,0.21228073120117188,0.12510791015625,1.9991811116536458
1.0,0.474474161863327,0.08945026064330704,0.20707403564453125,0.12275241851806641,0.9468678792317708,0.75,0.2080802764892578,0.1251187210083008,1.9991811116536458,0.2090802764892578,0.12511614990234374,1.9991811116536458,0.21008026123046875,0.12511357116699218,1.9991811116536458,0.21108026123046875,0.12511100006103515,1.9991811116536458,0.21208026123046875,0.12510842895507812,1.9991811116536458
1.0,0.4257982075214386,0.0906609757400892,0.206874755859375,0.12266841888427735,0.9601997375488281,0.75,0.20788002014160156,0.12511923217773438,1.9991811116536458,0.2088800048828125,0.12511666107177735,1.9991811116536458,0.2098800048828125,0.12511408996582032,1.9991811116536458,0.2108800048828125,0.12511151885986327,1.9991811116536458,0.2118800048828125,0.12510894775390624,1.9991811116536458
1.0,0.3760085105895996,0.09216514347786911,0.20667619323730468,0.1225746078491211,0.9737463209364149,0.75,0.20767926025390626,0.1251197509765625,1.9991811116536458,0.20867926025390626,0.12511717987060547,1.9991811116536458,0.20967926025390626,0.12511460876464844,1.9991811116536458,0.21067926025390624,0.12511203002929688,1.9991811116536458,0.21167926025390624,0.12510945892333986,1.9991811116536458
1.0,-0.37760302424430847,0.09385141059544358,0.20647821044921874,0.12247079467773438,0.9875254313151042,0.75,0.20747955322265624,0.1251202621459961,-0.0008188035753038194,0.20847970581054687,0.12511769104003906,1.9991811116536458,0.20947970581054687,0.12511511993408203,1.9991811116536458,0.21047970581054687,0.125112548828125,1.9991811116536458,0.21147970581054687,0.12510997009277344,1.9991811116536458
1.0,0.17373481392860413,0.0956861666486272,0.20628097534179687,0.1223566665649414,-0.998447502983941,0.75,0.20728143310546876,0.1251207733154297,-0.0008188035753038194,0.20828158569335936,0.12511820220947265,1.9991811116536458,0.20928158569335936,0.12511563110351562,1.9991811116536458,0.21028158569335936,0.1251130599975586,1.9991811116536458,0.21128158569335936,0.12511048126220703,1.9991811116536458
1.0,0.14162594079971313,0.09892343162817077,0.20607582092285157,0.12223602294921875,-0.9848783704969618,0.75,0.2070760498046875,0.12512129974365235,-0.0008188035753038194,0.20807620239257812,0.12511872863769533,1.9991811116536458,0.20907620239257813,0.12511615753173827,1.9991811116536458,0.21007618713378906,0.12511358642578124,1.9991811116536458,0.21107618713378906,0.12511101531982421,1.9991811116536458
1.0,0.12061648815870285,0.10180032511311417,0.2058595275878906,0.12211196899414062,-0.9720053778754341,0.75,0.20686514282226562,0.1251219024658203,-0.0012690226236979167,0.20786033630371092,0.12511928558349608,1.9991811116536458,0.20886033630371093,0.12511671447753905,1.9991811116536458,0.2098603210449219,0.12511414337158203,1.9991811116536458,0.21086032104492186,0.12511156463623047,1.9991811116536458
1.0,0.08577246963977814,0.10395459434063994,0.2056378631591797,0.12198191833496094,-0.9593861897786459,0.75,0.20665498352050782,0.12512305450439454,-0.0022004869249131944,0.20763995361328125,0.1251198501586914,1.9991811116536458,0.20863993835449218,0.12511727905273437,1.9991811116536458,0.20963993835449218,0.12511470794677734,1.9991811116536458,0.21063993835449218,0.12511213684082031,1.9991811116536458
1.0,0.04488994553685188,0.10532919707139951,0.2054149627685547,0.12184439849853515,-0.9468787299262152,0.75,0.2064471130371094,0.12512479400634766,-0.0031219482421875,0.2074217834472656,0.12512040710449218,-0.0008188035753038194,0.20842193603515624,0.1251178436279297,1.9991811116536458,0.20942193603515624,0.12511526489257813,1.9991811116536458,0.21042193603515624,0.1251126937866211,1.9991811116536458
1.0,0.0015735209453850985,0.10603707816177617,0.2051937255859375,0.1216989974975586,-0.9344636705186632,0.75,0.20625860595703124,0.12512689208984376,-0.003957621256510417,0.20722407531738282,0.12512091827392577,-0.0008188035753038194,0.20822422790527345,0.12511834716796874,1.9991811116536458,0.20922422790527342,0.1251157760620117,1.9991811116536458,0.2102242126464844,0.12511320495605469,1.9991811116536458
1.0,-0.0242519099265337,0.1069694723445537,0.20497073364257812,0.12154825592041016,-0.9226775275336372,0.75,0.20427407836914063,0.11800239562988281,-0.9725479125976563,0.20337725830078124,0.11791211700439454,-0.9635793050130208,0.2024833221435547,0.11779660034179687,-0.9546106974283854,0.20159300231933594,0.11765595245361328,-0.9456421746148004,0.20070701599121094,0.11749028015136719,-0.9366734822591146
1.0,-0.05658230930566788,0.10691921489618458,0.20474931335449217,0.12139242553710937,-0.9112870110405816,0.75,0.20406658935546876,0.11798377990722657,-0.9704752604166667,0.20317037963867188,0.11788764953613282,-0.9615066528320313,0.2022772216796875,0.11776632690429688,-0.9525380452473958,0.20138783264160157,0.11761988830566407,-0.9435695224338108,0.20050294494628906,0.11744844818115234,-0.934600830078125
1.0,-0.06632620096206665,0.10736882075541543,0.20452499389648438,0.12123471069335938,-0.9009306165907118,0.75,0.20385482788085937,0.11796337127685547,-0.9683586120605469,0.20295927429199218,0.11786128997802735,-0.9593899197048611,0.20206695556640625,0.11773402404785156,-0.950421396891276,0.20117857360839844,0.1175816650390625,-0.9414527893066407,0.20029483032226564,0.11740435028076172,-0.9324841817220052
1.0,-0.04368438199162483,0.10752408338351567,0.2042919158935547,0.12108148193359375,-0.8923915439181858,0.75,0.20363389587402345,0.11794056701660156,-0.9661487155490451,0.20273907470703126,0.11783226776123047,-0.9571801079644098,0.20184767150878907,0.11769880676269531,-0.9482115003797743,0.20096035766601564,0.11754029083251953,-0.9392429775661892,0.20007786560058594,0.11735684204101562,-0.9302742852105035
1.0,-4.535640255198814e-05,0.10705403338237374,0.20404940795898438,0.12093799591064452,-0.8860156589084202,0.75,0.20340365600585938,0.11791513061523437,-0.9638437906901042,0.20250962829589844,0.11780036926269531,-0.9548751831054687,0.2016192169189453,0.11766046142578125,-0.9459065755208333,0.20073306274414063,0.11749552917480469,-0.9369379679361979,0.1998519287109375,0.11730567932128906,-0.9279694451226128
1.0,0.058312784880399704,0.10600702266945658,0.20379939270019531,0.12080804443359375,-0.8819374932183159,0.75,0.2031663055419922,0.11788715362548828,-0.9614657931857639,0.2022731628417969,0.11776571655273438,-0.9524971856011285,0.20138380432128905,0.11761916351318359,-0.943528578016493,0.2004989318847656,0.11744760894775391,-0.9345599704318577,0.19961923217773436,0.11725119018554687,-0.9255914476182726
1.0,-0.21953396499156952,0.1051946058005306,0.2035459747314453,0.12068781280517578,-0.8793981764051649,0.75,0.20292550659179687,0.11785694122314454,-0.9590511745876736,0.2020333251953125,0.11772872161865235,-0.9500825670030382,0.20114509582519532,0.11757542419433593,-0.9411139594184028,0.20026153564453125,0.11739716339111328,-0.9321453518337673,0.19938336181640626,0.11719407653808593,-0.923176744249132
1.0,0.06719671189785004,0.10428716334942192,0.20329293823242187,0.12057164001464844,-0.8775491502549914,0.75,0.20268438720703125,0.11782481384277343,-0.9566309611002605,0.20179319763183592,0.1176898193359375,-0.9476622687445746,0.20090617370605468,0.11752976989746093,-0.9386937459309895,0.2000240020751953,0.11734479522705078,-0.9297251383463542,0.1991473846435547,0.11713504791259766,-0.9207565307617187
1.0,0.06955904513597488,0.10334170029084173,0.20304219055175782,0.12045650482177735,-0.8759465535481771,0.75,0.20244448852539063,0.11779100036621094,-0.9542203267415365,0.20155435180664064,0.11764926147460937,-0.9452517191569011,0.20066856384277343,0.1174824981689453,-0.9362831115722656,0.19978781127929687,0.11729084777832031,-0.9273145039876302,0.19891281127929689,0.11707445526123048,-0.9183459811740451
1.0,0.0669001117348671,0.1025182939779922,0.20279408264160156,0.12034108734130859,-0.8744070265028212,0.75,0.20220603942871093,0.11775555419921875,-0.9518217298719618,0.20131700134277344,0.11760710906982422,-0.942853037516276,0.20043246459960937,0.11743367004394531,-0.933884514702691,0.19955320739746094,0.11723539733886719,-0.9249159071180556,0.1986798553466797,0.11701242065429687,-0.9159472995334201
1.0,0.062127139419317245,0.10197402613326594,0.2025482177734375,0.12022480010986328,-0.8728631761338975,0.75,0.2019686279296875,0.11771842956542969,-0.9494308471679688,0.20108071899414062,0.11756330871582031,-0.9404622395833333,0.20019754028320313,0.11738323974609376,-0.931493631998698,0.1993197784423828,0.11717835998535156,-0.9225250244140625,0.19844813537597655,0.11694882965087891,-0.9135565016004774
1.0,0.05659259110689163,0.10184195004938142,0.20230378723144532,0.12010716247558594,-0.8712908426920573,0.75,0.20173149108886718,0.11767952728271484,-0.9470398796929254,0.2008447723388672,0.11751773834228516,-0.9380712721082899,0.19996298217773437,0.11733103942871094,-0.9291026645236545,0.19908677673339845,0.11711956787109375,-0.9201341417100695,0.19821688842773438,0.11688350677490235,-0.9111654493543837
1.0,0.05037865787744522,0.10215407730657602,0.20205967712402345,0.11998770141601563,-0.8696741739908854,0.75,0.20149356079101563,0.11763864135742187,-0.9446378072102865,0.20060809326171875,0.11747017669677734,-0.9356691148546007,0.19972770690917968,0.11727682495117188,-0.9267005920410156,0.19885313415527345,0.11705875396728516,-0.9177319844563802,0.1979850616455078,0.11681612396240235,-0.9087633768717448
1.0,0.043415457010269165,0.1028553165324336,0.20181500244140624,0.11986585998535157,-0.8679985046386719,0.75,0.20125393676757813,0.11759559631347656,-0.9422154744466146,0.20036978149414061,0.11742040252685547,-0.9332468668619792,0.19949090576171874,0.11722035217285157,-0.9242782592773438,0.19861801147460936,0.11699563598632813,-0.9153097364637587,0.19775180053710936,0.11674641418457031,-0.9063410441080729
1.0,0.03572744503617287,0.10386613444703993,0.20156900024414062,0.11974115753173828,-0.8662491692437067,0.75,0.20101185607910158,0.1175501937866211,-0.9397648281521267,0.20012907409667968,0.11736819458007812,-0.9307962205674913,0.19925177001953126,0.11716139984130859,-0.9218276129828559,0.19838063049316407,0.11692996215820313,-0.9128590901692708,0.19751637268066408,0.116674072265625,-0.903890397813585
1.0,0.02718924917280674,0.10510144084325326,0.20132118225097656,0.1196131820678711,-0.8644130282931858,0.75,0.20076678466796874,0.11750227355957031,-0.9372801886664497,0.19988543701171874,0.11731337738037109,-0.9283114963107639,0.19900978088378907,0.11709973907470703,-0.9193429734971789,0.1981404724121094,0.11686150360107422,-0.9103743659125434,0.1972782287597656,0.11659888458251953,-0.901405758327908
1.0,0.017661262303590775,0.10646187267681503,0.20107130432128906,0.1194815902709961,-0.8624789767795139,0.75,0.20051841735839843,0.11745166015625,-0.9347580803765191,0.19963859558105468,0.11725579071044921,-0.925789557562934,0.1987646484375,0.11703521728515626,-0.9168208652072483,0.1978972625732422,0.11679010772705078,-0.9078523423936632,0.19703712463378906,0.11652066802978515,-0.8988837348090277
1.0,0.007279012352228165,0.10782098481311538,0.2008193664550781,0.11934617614746093,-0.8604398091634115,0.75,0.20026666259765624,0.11739826965332031,-0.9321974860297308,0.19938845825195312,0.11719532775878906,-0.9232289632161458,0.19851631164550781,0.11696773529052734,-0.91426027086046,0.1976509246826172,0.11671566009521485,-0.905291748046875,0.19679296875,0.11643930053710938,-0.8963231404622396
1.0,-0.003786895191296935,0.10902540663846605,0.20056571960449218,0.11920697021484375,-0.8582933213975694,0.75,0.2000118408203125,0.11734207153320313,-0.9296011182996962,0.19913531494140624,0.11713197326660156,-0.9206325107150608,0.19826506042480468,0.11689726257324219,-0.9116639031304253,0.19740174865722657,0.11663813781738282,-0.9026953803168403,0.19654608154296874,0.11635478973388672,-0.8937266879611545
1.0,-0.015548698604106903,0.10990585611123911,0.20031112670898438,0.119064208984375,-0.8560445997450087,0.75,0.19975462341308595,0.11728311920166015,-0.926975589328342,0.19887986755371093,0.11706581115722656,-0.9180069817437067,0.19801156616210938,0.11682392883300781,-0.9090383741590712,0.19715043640136717,0.11655768585205079,-0.9000698513454861,0.19629713439941407,0.11626728820800782,-0.8911011589898004
1.0,-0.027752969413995743,0.11036001039690546,0.20005656433105468,0.1189183349609375,-0.8537039015028212,0.75,0.19949598693847656,0.11722158813476563,-0.924330308702257,0.19862306213378905,0.11699700927734374,-0.9153616163465712,0.19775680541992188,0.1167479248046875,-0.9063930935329861,0.1968979034423828,0.11647453308105468,-0.8974244859483507,0.19604704284667968,0.11617705535888671,-0.8884558783637153
1.0,-0.04016252979636192,0.11036554221960974,0.19980308532714844,0.1187699203491211,-0.8512891981336805,0.75,0.1992369384765625,0.11715766906738281,-0.921675533718533,0.19836590576171875,0.11692581939697265,-0.9127070109049479,0.19750177001953126,0.11666952514648438,-0.9037383185492621,0.1966451873779297,0.11638898468017578,-0.894769795735677,0.19579684448242188,0.11608441162109374,-0.8858011881510417
1.0,-0.05259551852941513,0.10995842791472459,0.19955168151855468,0.11861956024169922,-0.8488193935818142,0.75,0.198978515625,0.11709162139892579,-0.9190216064453125,0.1981094512939453,0.11685251617431641,-0.9100530836317274,0.19724746704101562,0.11658901977539063,-0.9010843912760417,0.1963932647705078,0.11630134582519532,-0.8921158684624566,0.195547119140625,0.11598957824707032,1.1168174743652344
1.0,-0.06509694457054138,0.10920700131014158,0.1993031768798828,0.11846781158447266,-0.846315680609809,0.75,0.19872157287597655,0.11702367401123047,-0.9163772583007812,0.19785453796386718,0.11677735137939453,-0.9074086507161458,0.19699476623535156,0.11650670623779297,-0.8984400431315104,0.19614299011230468,0.11621194458007812,-0.8894715203179253,0.19528933715820312,0.11588970184326172,1.118490007188585
1.0,-0.0933305099606514,0.10784717085667746,0.1990609893798828,0.11831248474121094,-0.8433424207899306,0.75,0.19846873474121093,0.1169545669555664,-0.9137691073947483,0.19760372924804687,0.11670114898681641,-0.9048005845811632,0.1967462158203125,0.11642346954345703,-0.8958318922254774,0.19589686584472657,0.1161217269897461,-0.8868633694118924,0.19503561401367187,0.11578986358642578,1.120139651828342
1.0,-0.13999588787555695,0.10587442411391804,0.19882948303222656,0.1181512451171875,-0.8394602457682292,0.75,0.1982233123779297,0.11688533782958985,-0.9112319946289062,0.1973603515625,0.11662504577636719,-0.9022633870442708,0.19650506591796876,0.11634053802490234,-0.8932947794596354,0.19565815734863282,0.11603204345703125,-0.884326171875,0.19478926086425782,0.11569149017333985,1.1217444525824654
1.0,-0.19601397216320038,0.1034492918680568,0.19861154174804688,0.11798380279541015,-0.8345516628689236,0.75,0.19798770141601563,0.11681690216064453,-0.9087909274631076,0.1971267852783203,0.11654998779296875,-0.8998222351074219,0.19627369689941407,0.11625894165039062,-0.8908537122938368,0.19542401123046876,0.11594207000732422,1.1176157633463542,0.19455274963378907,0.1155956802368164,1.1232884724934895
1.0,-0.25783857703208923,0.10072395870599093,0.19840914916992186,0.11781061553955079,-0.8286180284288195,0.75,0.19776370239257812,0.11675001525878906,-0.9064648946126302,0.19690475463867188,0.11647681427001953,-0.8974962022569445,0.1960538330078125,0.11617952728271484,-0.8885276794433594,0.1951974639892578,0.11585372924804688,1.1190869649251303,0.19432778930664063,0.11550330352783203,1.1247596740722656
1.0,-0.32077375054359436,0.09805883861888515,0.19822296142578125,0.117632568359375,-0.8217940436469184,0.75,0.19755198669433593,0.11668514251708985,-0.9042616950141059,0.1966949462890625,0.11640601348876953,-0.8952930874294704,0.19584609985351562,0.11610284423828125,-0.8863244798448351,0.19498324584960938,0.11576908111572265,1.1204805162217881,0.19411512756347657,0.11541485595703126,1.1261531405978733
1.0,-0.18927079439163208,0.09601201702452655,0.19804849243164063,0.11745171356201171,-0.8146854824490017,0.75,0.19734896850585937,0.11662142944335938,-0.902144538031684,0.19649380493164062,0.11633660888671875,-0.8931759304470486,0.19564700317382813,0.11602779388427735,-0.8842073228624132,0.1947777557373047,0.11568685913085938,1.121819559733073,0.19391111755371093,0.11532898712158203,1.1274922688802083
1.0,-0.3578833341598511,0.09424546019739258,0.19788218688964843,0.117269775390625,-0.8076576232910156,0.75,0.19715187072753906,0.11655815124511719,-0.9000848558213975,0.19629856872558593,0.1162677993774414,-0.8911162482367622,0.19544963073730467,0.11595198059082032,1.117449696858724,0.19457815551757812,0.11560603332519531,1.123122321234809,0.1937130126953125,0.11524462890625,1.1287950303819445
1.0,-0.38475021719932556,0.09274503223872535,0.1977220916748047,0.11708749389648437,-0.8008356730143229,0.75,0.19695913696289064,0.11649490356445312,-0.8980665418836805,0.19610768127441405,0.11619915008544922,-0.8890979342990452,0.19525296020507812,0.11587548065185548,1.1187262641059028,0.19438290405273437,0.11552604675292968,1.1243989732530382,0.19351919555664063,0.11516116333007813,1.1300716824001735
1.0,-0.4254674017429352,0.09081365137633521,0.197571533203125,0.11690414428710938,-0.793780263264974,0.75,0.19677352905273438,0.11643272399902344,-0.8961190117730035,0.1959239044189453,0.11613175964355468,-0.8871504041883681,0.19506350708007814,0.1158009262084961,1.1199581570095487,0.19419479370117188,0.1154481201171875,1.1256307813856337,0.19333250427246093,0.11507990264892579,1.1313034057617188
1.0,-0.4797186553478241,0.0883241919721524,0.19743519592285155,0.11671946716308594,-0.7861257765028212,0.75,0.1965992431640625,0.11637317657470703,-0.8942864312065972,0.19575135803222657,0.11606732177734375,-0.8853177388509115,0.19488548278808593,0.11573009490966797,1.1211172315809461,0.19401808166503906,0.11537413024902343,1.1267899407280817,0.1931571350097656,0.11500276947021484,1.1324625651041667
1.0,-0.5343944430351257,0.08586384472050153,0.19731402587890626,0.11653426361083985,-0.7779523213704427,0.75,0.19643733215332032,0.11631684112548828,-0.8925806681315104,0.19559109497070312,0.11600645446777344,-0.8836121453179253,0.19472003173828126,0.11566358184814453,1.1221961127387152,0.19385383605957032,0.1153046875,1.1278687371148004,0.19299415588378907,0.11493041229248047,1.1335414462619358
1.0,-0.5761285424232483,0.08408631281212069,0.1972032012939453,0.1163489990234375,-0.7697413126627605,0.75,0.1962836151123047,0.11626246643066407,-0.8909583197699653,0.19543421936035157,0.1159460220336914,1.117549557156033,0.19456288146972656,0.11559981536865234,1.1232222663031683,0.19369783020019532,0.11523811340332031,1.1288948906792535,0.19283935546875,0.11486106872558594,1.1345675998263889
1.0,-0.610500156879425,0.08273052523345592,0.1970990447998047,0.11616400909423828,-0.76173341539171,0.75,0.1961348876953125,0.11620902252197265,-0.8893860710991753,0.19528102111816406,0.1158864517211914,1.1185440063476562,0.19441075134277344,0.11553752136230469,1.1242167154947917,0.19354684448242188,0.11517312622070312,1.129889424641927,0.1926895751953125,0.11479339599609376,1.135562049018012
1.0,-0.6227322816848755,0.08235165357396326,0.19699330139160157,0.11597962951660157,-0.7546136644151475,0.75,0.19598385620117187,0.11615388488769532,-0.8877861870659722,0.19512532043457032,0.1158253402709961,1.1195560031467013,0.1942561798095703,0.11547364044189454,1.1252287122938367,0.19339341735839843,0.11510650634765625,1.1309013366699219,0.192537353515625,0.11472406005859374,1.136573961046007
1.0,-0.608896017074585,0.08181051029609222,0.19687831115722657,0.11579876708984375,-0.7490563286675347,0.75,0.195824462890625,0.11609475708007813,-0.8860946655273437,0.19496092224121095,0.11576019287109375,1.1206258985731337,0.19409295654296874,0.11540557861328125,1.1262985229492188,0.1932314453125,0.1150355453491211,1.1319712320963542,0.19237667846679687,0.11465022277832031,1.1376439412434896
1.0,-0.5911083221435547,0.08098693728504486,0.1967548370361328,0.11562361145019531,-0.7449752807617187,0.75,0.19565815734863282,0.11603203582763671,-0.884326171875,0.19478926086425782,0.11569149017333985,1.1217444525824654,0.19392254638671874,0.11533383178710938,1.1274171617296007,0.19306234741210937,0.11496077728271484,1.133089870876736,0.1922089385986328,0.11457244110107422,1.1387624952528212
1.0,-0.5928541421890259,0.07988220518558369,0.19662940979003907,0.11545240783691406,-0.7416085137261285,0.75,0.19548770141601562,0.11596669006347657,1.1172027587890625,0.194615966796875,0.11562141418457031,1.1228754679361979,0.1937505340576172,0.11526068115234375,1.128548092312283,0.19289166259765625,0.11488455963134765,1.1342208014594184,0.1920396270751953,0.11449320220947265,1.1398935106065538
1.0,-0.6055680513381958,0.07852352118047728,0.19650572204589845,0.11528398895263672,-0.7385572645399305,0.75,0.1953146514892578,0.11589957427978516,1.1183256361219618,0.1944441375732422,0.11555123901367187,1.1239983452690971,0.19357998657226563,0.11518743896484375,1.1296710544162327,0.19272244262695312,0.11480830383300782,1.1353436787923177,0.19187179565429688,0.11441394805908203,1.141016387939453
1.0,-0.62343829870224,0.07704115023928393,0.1963854522705078,0.11511788177490234,-0.7356372409396701,0.75,0.19514456176757813,0.11583292388916015,1.1194307963053385,0.1942752685546875,0.1154815673828125,1.125103505452474,0.19341236877441406,0.11511477661132813,1.1307762145996094,0.19255615234375,0.114732666015625,1.1364489237467448,0.19170689392089843,0.11433534240722656,1.1421216328938801
1.0,-0.6423701643943787,0.07568374701636406,0.19626864624023438,0.11495379638671875,-0.7328125847710504,0.75,0.19497740173339845,0.11576676177978516,1.1205184936523438,0.1941093292236328,0.11541242980957031,1.1261912027994792,0.19324769592285157,0.11504269409179688,1.1318638271755643,0.19239277648925782,0.11465765380859375,1.1375365363226997,0.1915448760986328,0.11425743865966796,1.143209245469835
1.0,-0.6617451906204224,0.07463245625378985,0.19615480041503905,0.11479129791259765,-0.7300721062554254,0.75,0.1948126220703125,0.11570087432861328,1.1215922037760417,0.19394572448730468,0.1153436279296875,1.127264912923177,0.19308534240722655,0.11497098541259766,1.1329376220703125,0.19223175048828126,0.11458306121826171,1.1386103312174478,0.19138519287109376,0.11417999267578124,1.144282955593533
1.0,-0.6822571158409119,0.07404883200561381,0.196043212890625,0.1146295166015625,-0.7273957146538629,0.75,0.1946511993408203,0.1156357192993164,1.1226453145345052,0.19378550720214843,0.11527560424804688,1.1283179389105902,0.19292636108398437,0.11490011596679688,1.1339906480577258,0.1920740509033203,0.1145093765258789,1.1396633572048611,0.1912288360595703,0.11410350799560547,1.1453360663519965
1.0,-0.7045398354530334,0.07407703980137077,0.19593302917480468,0.11446722412109375,-0.7247519599066841,0.75,0.19449742126464845,0.11557307434082031,1.1236500210232205,0.19363287353515626,0.11521022033691407,1.1293226453993055,0.19277490234375,0.11483202362060548,1.134995354546441,0.19192384338378907,0.1144385986328125,1.140667978922526,0.19107989501953124,0.11403006744384765,1.1463406880696614
1.0,-0.729371190071106,0.07472520589353705,0.19582339477539062,0.11430300903320313,-0.7221041361490885,0.75,0.19434298706054687,0.11550958251953125,1.124660152859158,0.19347958374023438,0.11514398956298828,1.1303328620062933,0.19262284851074218,0.11476306915283203,1.136005571153429,0.19177301025390625,0.114366943359375,1.1416781955295139,0.19093037414550781,0.1139557342529297,1.1473509046766492
1.0,-0.7569063305854797,0.07584991622745514,0.19571372985839844,0.11413563537597657,-0.7194143507215712,0.75,0.1941869354248047,0.11544485473632812,1.1256823221842447,0.19332472229003905,0.11507649230957032,1.1313549465603299,0.1924691925048828,0.11469281768798828,1.1370276557074652,0.19162065124511718,0.11429396820068359,1.1427003648546008,0.1907793426513672,0.1138800506591797,1.1483730740017362
1.0,-0.7872246503829956,0.07733817308057903,0.1956037139892578,0.11396414184570312,-0.7166458129882812,0.75,0.1940286102294922,0.11537856292724609,1.1267208523220487,0.19316758728027345,0.11500738525390625,1.1323934766981336,0.19231332397460937,0.1146209259033203,1.1380661858452692,0.19146607971191407,0.11421931457519531,1.1437388949924046,0.19062612915039062,0.11380265808105469,1.14941160413954
1.0,0.15983782708644867,0.07911022886903367,0.19549317932128907,0.11378768157958985,-0.7137661404079861,0.75,0.1938675079345703,0.11531049346923829,1.1277788798014323,0.19300772094726562,0.11493647003173828,1.1334515041775173,0.19215475463867188,0.11454717254638672,1.1391242133246529,0.19130885314941407,0.11414273071289062,1.1447968377007378,0.1904702911376953,0.1137232894897461,1.1504695468478732
1.0,-0.6918660998344421,0.08110727424567506,0.19538211059570312,0.11360561370849609,-0.7107475280761719,0.75,0.193703369140625,0.11524049377441406,1.1288584391276042,0.19284486389160158,0.11486354064941406,1.1345311482747396,0.19199319458007813,0.11447135925292969,1.140203857421875,0.191148681640625,0.11406405639648437,1.14587648179796,0.19031155395507812,0.1136417694091797,1.1515491909450954
1.0,-0.7205771803855896,0.08328048649426012,0.1952705078125,0.11341735076904297,-0.7075671725802951,0.75,0.19353590393066405,0.11516838836669922,1.129961649576823,0.1926787109375,0.1147884750366211,1.135634273952908,0.19182841491699218,0.1143933334350586,1.1413069831000433,0.19098530578613282,0.11398310852050782,1.1469796074761285,0.19014964294433595,0.11355792999267578,1.1526523166232638
1.0,-0.7515894174575806,0.0855893586529298,0.19515850830078124,0.11322245025634765,-0.7042044745551215,0.75,0.19336500549316407,0.11509410095214843,1.1310890197753907,0.1925091552734375,0.11471115112304688,1.1367616441514756,0.1916602783203125,0.1143130111694336,1.1424342685275608,0.19081861877441406,0.11389979553222657,1.1481069776746962,0.18998448181152344,0.11347165679931641,1.1537796868218315
1.0,-0.7849124670028687,0.08800118043390488,0.19504632568359376,0.1130204849243164,-0.7006412082248263,0.75,0.19319064331054686,0.11501757049560547,1.132240973578559,0.19233619689941406,0.11463151550292969,1.1379135979546442,0.19148876953125,0.11423030090332031,1.1435863071017796,0.19064862060546875,0.11381404876708984,1.149259016248915,0.18981600952148436,0.11338289642333985,1.1549317253960503
1.0,-0.8206153512001038,0.09048701236897595,0.1949341583251953,0.11281117248535157,-0.6968630472819011,0.75,0.1930128173828125,0.11493872833251953,1.1334178500705294,0.19215980529785157,0.11454952239990235,1.1390904744466146,0.19131385803222656,0.11414518737792968,1.14476318359375,0.19047525024414064,0.113725830078125,1.1504358927408853,0.18964425659179687,0.11329159545898437,1.156108601888021
1.0,-0.8586180210113525,0.09301721160028358,0.19482237243652345,0.11259424591064453,-0.6928561740451389,0.75,0.19283168029785155,0.11485761260986328,1.134618631998698,0.19198011779785157,0.11446519470214844,1.140291256374783,0.19113572692871095,0.11405765533447265,1.1459639655219185,0.1902987060546875,0.11363513946533203,1.1516366746690538,0.18946934509277344,0.11319777679443359,1.1573093838161892
1.0,-0.899091899394989,0.0955552079071205,0.19471134948730467,0.11236954498291016,-0.6886105431450738,0.75,0.1926473846435547,0.11477424621582032,1.13584230211046,0.19179736328125,0.11437854766845704,1.1415150112575956,0.19095452880859376,0.11396778106689454,1.147187720404731,0.190119140625,0.11354204559326173,1.152860344780816,0.18929145812988282,0.11310150146484375,-0.841466776529948
1.0,-0.9418029189109802,0.09804633135841347,0.19460150146484376,0.11213703918457031,-0.6841180165608723,0.75,0.19246022033691407,0.11468869781494141,1.1370873345269097,0.19161175537109376,0.11428968811035156,1.142760043674045,0.19077052307128906,0.1138756103515625,1.1484327528211806,0.1899368133544922,0.11344661712646484,1.1541053771972656,0.18911087036132812,0.11300283813476562,-0.8402218288845487
1.0,-0.9978581070899963,0.09995350025860061,0.19449673461914063,0.11189684295654297,-0.6790069156222873,0.75,0.19227362060546874,0.11460252380371094,1.1383309258355034,0.19142671203613282,0.1142001953125,1.1440035502115886,0.1905871124267578,0.11378284454345704,1.149676259358724,0.18975506591796876,0.11335059356689453,1.1553489685058593,0.1889308624267578,0.11290359497070312,-0.8389782375759549
1.0,-1.0,0.1014115671749795,0.1944021453857422,0.11164945983886719,-0.6728694491916233,0.75,0.19209217834472656,0.11451787567138672,1.1395422193739149,0.19124681091308593,0.11411233520507813,1.1452149285210504,0.19040878295898436,0.11369178771972656,1.1508876376681858,0.1895783996582031,0.11325637817382812,1.1565602620442708,0.18875592041015626,0.11280624389648437,-0.8377668592664931
1.0,-1.0,0.10259456726344171,0.1943207550048828,0.11139580535888671,-0.665563498602973,0.75,0.19191886901855468,0.11443624114990235,1.1407012939453125,0.19107498168945314,0.11402762603759765,1.1463739183213977,0.19023849487304687,0.11360403442382813,1.152046627468533,0.1894097137451172,0.11316559600830078,1.1577193366156684,0.18858885192871094,0.11271246337890625,-0.8366078694661458
1.0,-1.0,0.10355513537032916,0.1942548065185547,0.11113715362548827,-0.6570373111300998,0.75,0.19175611877441406,0.11435888671875,1.1417914496527777,0.19091363525390626,0.11394738006591797,1.1474641587999133,0.19007862854003907,0.11352091979980469,1.1531368679470486,0.1892513427734375,0.11307965850830078,-0.841190422905816,0.1884320526123047,0.11262372589111327,-0.8355177137586806
1.0,-1.0,0.10429948659830801,0.19420622253417968,0.11087503814697265,-0.6472781711154514,0.75,0.19160629272460938,0.11428705596923829,1.1427966647677952,0.19076512145996094,0.11387289428710938,1.1484693739149305,0.18993144226074218,0.11344380187988282,1.154142083062066,0.18910556030273437,0.11299992370605469,-0.8401852077907986,0.18828770446777343,0.11254139709472656,-0.8345124986436632
1.0,-1.0,0.10481335503135836,0.19417672729492189,0.11061139678955079,-0.6362946404351129,0.75,0.19147172546386718,0.1142220458984375,1.1437009175618489,0.1906317138671875,0.11380549621582031,1.149373541937934,0.1897992706298828,0.11337403869628906,1.1550462510850694,0.18897467041015625,0.11292781829833984,-0.8392809549967448,0.1881581115722656,0.11246697235107422,-0.8336083306206598
1.0,-1.0,0.10507325581862773,0.19416789245605467,0.11034850311279297,-0.6241105397542318,0.75,0.19135484313964843,0.11416519927978516,1.1444873385959202,0.190515869140625,0.11374656677246094,1.1501599629720052,0.1896844940185547,0.11331305694580078,1.1558325873480904,0.18886097717285155,0.11286480712890624,-0.8384945339626736,0.18804557800292968,0.11240193939208984,-0.8328219095865885
1.0,-1.0,0.10605087513469436,0.19417916870117188,0.11008663940429687,-0.6109297858344184,0.75,0.19125540161132812,0.11411655426025391,1.145156945122613,0.19041731262207032,0.11369615936279297,1.1508296542697483,0.1895868377685547,0.11326089477539063,1.1565023634168836,0.1887642822265625,0.1128109130859375,-0.8378248426649305,0.18794984436035156,0.1123463363647461,-0.8321522182888454
1.0,-1.0,0.10780506850242322,0.1942080078125,0.10982373046875,-0.5970566643608941,0.75,0.19117041015625,0.11407476806640625,1.14572999742296,0.19033306884765624,0.11365287017822266,1.1514026217990452,0.18950340270996094,0.11321611785888672,1.1570753309461805,0.188681640625,0.11276464080810547,-0.8372517903645833,0.18786805725097655,0.11229860687255859,-0.8315791659884982
1.0,-1.0,0.10986383748228486,0.19425286865234376,0.10955902862548828,-0.5826296912299262,0.75,0.19109829711914061,0.11403916168212891,1.146216583251953,0.19026161193847657,0.11361598205566406,1.1518892923990884,0.18943260192871095,0.11317796325683593,1.1575619167751736,0.1886115264892578,0.11272524261474609,-0.8367652893066406,0.18779864501953125,0.1122579574584961,-0.8310925801595052
1.0,-1.0,0.11199254970076014,0.19431329345703124,0.1092928695678711,-0.5676941341824002,0.75,0.19103892517089843,0.11400975799560546,1.1466172960069445,0.19020277404785157,0.11358552551269531,1.1522900051540799,0.18937432861328124,0.11314645385742188,1.1579627143012152,0.18855381774902344,0.11269270324707031,-0.8363644070095486,0.18774154663085937,0.11222439575195313,-0.8306917826334635
1.0,-1.0,0.11415386900242427,0.19438946533203125,0.10902586364746093,-0.5522753397623698,0.75,0.19099290466308594,0.11398689270019531,1.146928236219618,0.1901571807861328,0.11356183624267578,1.1526009453667534,0.1893291473388672,0.11312197875976562,-0.8417262607150607,0.18850909423828124,0.11266741943359375,-0.8360535515679254,0.187697265625,0.11219831085205079,-0.8303809271918403
1.0,-1.0,0.11632319395908433,0.19448158264160156,0.10875885772705078,-0.5363971710205078,0.75,0.19096098327636718,0.11397100067138671,1.1471439785427517,0.19012553405761717,0.11354537963867188,1.152816687689887,0.18929782104492188,0.11310494995117187,-0.841510518391927,0.18847805786132812,0.11264982604980468,-0.8358378092447917,0.1876665496826172,0.11218017578125,-0.8301651000976562
1.0,-1.0,0.11795656518131567,0.1945907440185547,0.1084947738647461,-0.5199672698974609,0.75,0.19094566345214845,0.11396335601806641,1.147247568766276,0.19011036682128907,0.1135374755859375,1.1529201931423612,0.18928277587890624,0.1130967788696289,-0.8414070129394531,0.18846318054199218,0.11264139556884765,-0.8357343037923177,0.18765182495117189,0.11217147827148438,-0.8300615946451823
1.0,-1.0,0.1196957362697066,0.19471694946289062,0.10823445892333984,-0.5030903710259331,0.75,0.19094764709472656,0.11396435546875,1.1472341749403212,0.19011233520507811,0.1135384979248047,1.1529067993164062,0.18928472900390625,0.11309784698486328,-0.841420406765408,0.18846510314941406,0.11264249420166016,-0.8357476976182726,0.1876537322998047,0.11217259979248047,-0.8300750732421875
1.0,-1.0,0.12120316047725806,0.19485951232910156,0.1079786376953125,-0.48589536878797746,0.75,0.19096693420410157,0.11397396087646484,1.1471037970648872,0.1901314239501953,0.11354845428466796,1.1527765062120225,0.18930364990234375,0.11310812377929688,-0.841550784640842,0.18848384094238282,0.11265311431884766,-0.8358780754937066,0.18767227172851564,0.11218356323242187,-0.8302053663465712
1.0,-1.0,0.12227892126202777,0.1950175323486328,0.10772869110107422,-0.46849636501736114,0.75,0.19100364685058593,0.11399222564697266,1.1468557569715712,0.1901678009033203,0.11356736755371094,1.1525284661187065,0.18933967590332032,0.113127685546875,-0.8417987399631076,0.18851951599121095,0.11267330932617188,-0.8361260308159723,0.18770758056640624,0.11220439910888672,-0.8304533216688368
1.0,-1.0,0.12288692122628955,0.19518997192382812,0.10748615264892578,-0.4509995354546441,0.75,0.19105781555175783,0.11401912689208984,1.1464898003472221,0.1902215118408203,0.11359523010253907,1.1521624247233073,0.18939286804199218,0.11315650177001953,1.1578350490993923,0.18857218933105468,0.11270307922363282,-0.8364920722113716,0.1877597351074219,0.11223508453369141,-0.8308194478352865
1.0,-1.0,0.12300813034137285,0.19537565612792968,0.10725258636474609,-0.43349605136447483,0.75,0.19112947082519532,0.11405457305908204,1.146006096733941,0.19029251098632813,0.11363195037841797,1.1516788058810763,0.1894632110595703,0.11319447326660156,1.1573515150282119,0.18864183044433594,0.11274230194091797,-0.8369756910536025,0.1878286590576172,0.11227554321289063,-0.8313030666775174
1.0,-1.0,0.12281850848064384,0.19557321166992186,0.10702871704101563,-0.4161126454671224,0.75,0.19121792602539062,0.11409815979003907,1.1454095628526475,0.19038017272949218,0.11367709350585938,1.151082271999783,0.18955006408691405,0.11324118041992187,1.156754896375868,0.18872784423828126,0.11279053497314454,-0.8375723097059462,0.18791378784179688,0.11232532501220703,-0.8318996005588107
1.0,-1.0,0.12092424647325126,0.19580097961425783,0.10681725311279297,-0.39913626776801214,0.75,0.19134262084960937,0.11415924072265625,1.1445694817437067,0.19050375366210937,0.11374039459228516,1.150242190890842,0.18967250061035157,0.1133066635131836,1.1559149000379774,0.18884909057617189,0.11285819244384766,-0.8384123908148872,0.1880338134765625,0.1123951187133789,-0.8327396816677517
1.0,-1.0,0.11244419973020345,0.19600468444824218,0.10662364959716797,-0.3831856621636285,0.75,0.19145362854003906,0.11421327209472656,1.1438225640190973,0.19061378479003907,0.11379639434814454,1.1494951883951823,0.18978150939941407,0.1133646240234375,1.1551678975423176,0.18895706176757812,0.1129180908203125,-0.8391593085394965,0.18814068603515624,0.1124569320678711,-0.8334866841634114
1.0,-1.0,0.1110056672950418,0.19621292114257813,0.10645027923583984,-0.3679701911078559,0.75,0.1915797882080078,0.1142742919921875,1.1429746839735242,0.19073884582519532,0.11385965728759766,1.1486473083496094,0.18990542602539062,0.11343009185791016,1.1543200174967447,0.18907977294921874,0.11298576354980469,-0.8400071038140191,0.18826219177246092,0.11252677917480469,-0.834334479437934
1.0,-1.0,0.10958222052204765,0.19642721557617188,0.10628927612304688,-0.35269646114773223,0.75,0.1917191925048828,0.11434123992919921,1.142039065890842,0.19087704467773436,0.1139290771484375,1.147711690266927,0.1900423583984375,0.11350196838378906,1.1533843994140625,0.18921540832519532,0.11306007385253906,-0.8409428066677518,0.18839646911621094,0.11260349273681641,-0.8352701822916667
1.0,-1.0,0.1081010921604072,0.19664651489257812,0.1061413345336914,-0.3374876658121745,0.75,0.19187130737304686,0.11441371154785156,1.1410196940104167,0.19102781677246095,0.1140042495727539,1.1466923183865017,0.1901917724609375,0.11357981872558594,1.1523650275336372,0.18936343383789062,0.11314056396484375,-0.8419621785481771,0.18854302978515625,0.11268660736083984,-0.836289554172092
1.0,-1.0,0.10669954431922395,0.19687001037597657,0.10600679779052734,-0.32237177954779733,0.75,0.19203559875488282,0.11449131774902344,1.139920383029514,0.19119070434570312,0.11408477020263671,1.1455930074055989,0.19035319519042967,0.11366322326660157,1.1512657165527345,0.18952333068847657,0.11322683715820313,1.1569384256998698,0.18870138549804688,0.11277571868896484,-0.8373887803819444
1.0,-1.0,0.10553717947255736,0.19709724426269531,0.10588567352294923,-0.3073315938313802,0.75,0.1922117156982422,0.11457373809814453,1.1387440151638455,0.19136532592773436,0.1141703109741211,1.1444166395399304,0.19052626037597656,0.11375187683105469,1.150089348687066,0.18969479370117187,0.11331854248046876,1.1557620578342014,0.18887118530273436,0.11287046813964843,-0.8385652330186631
1.0,-1.0,0.10482618996797974,0.1973282165527344,0.10577742004394532,-0.29233608245849607,0.75,0.19239947509765626,0.11466074371337891,1.1374918619791667,0.191551513671875,0.11426065063476562,1.143164571126302,0.1907108154296875,0.11384551239013672,1.1488372802734375,0.18987765502929688,0.11341545867919922,1.1545099046495226,0.18905227661132812,0.11297063446044922,-0.8398172166612413
1.0,-1.0,0.10457401621715183,0.19756326293945312,0.10568171691894532,-0.27731463114420574,0.75,0.19259921264648439,0.11475230407714844,1.1361626519097223,0.19174957275390625,0.11435575866699219,1.1418353610568577,0.19090713500976564,0.11394412994384766,1.147508070203993,0.1900721893310547,0.11351756286621094,1.1531806945800782,0.18924496459960938,0.11307618713378906,-0.8411465115017361
1.0,-1.0,0.10473459043332731,0.1978026123046875,0.10559832000732422,-0.2622062259250217,0.75,0.19281106567382814,0.11484832763671875,1.1347554524739583,0.19195968627929688,0.1144555435180664,1.1404281616210938,0.19111543273925782,0.11404764556884765,1.1461007859971788,0.1902786102294922,0.11362477111816406,1.151773410373264,0.18944944763183594,0.11318704223632813,1.1574461195203993
1.0,-1.0,0.10524623682282626,0.19804649353027343,0.10552710723876953,-0.24696875678168403,0.75,0.1930352783203125,0.11494873809814453,1.1332689921061199,0.1921820831298828,0.1145599365234375,1.1389417012532552,0.19133595275878906,0.11415597534179688,1.1446144104003906,0.19049714660644532,0.11373701477050781,1.1502870347764758,0.18966595458984375,0.11330317687988281,1.1559597439236111
1.0,-1.0,0.10698937114278886,0.19829733276367187,0.10546321105957031,-0.23190737830268013,0.75,0.19327236938476564,0.11505353546142578,1.1317008124457466,0.19241726684570312,0.11466893768310547,1.137373521592882,0.19156913757324218,0.11426915740966796,1.1430462307400173,0.19072828674316405,0.11385433197021484,1.1487188551161025,0.18989495849609375,0.1134245834350586,1.1543915642632379
1.0,-1.0,0.10840325202105734,0.1985544891357422,0.10540756225585937,-0.21683678097195094,0.75,0.19352214050292968,0.11516243743896484,1.130052269829644,0.19266505432128905,0.11478227233886719,1.1357248942057292,0.19181488037109376,0.11438688659667968,1.1413976033528646,0.1909718780517578,0.11397642517089844,1.1470703125,0.1901363525390625,0.1135510025024414,1.1527430216471355
1.0,-1.0,0.10973385245687865,0.19881710815429687,0.10536248016357422,-0.20160906049940322,0.75,0.19378482055664062,0.11527531433105469,1.1283226013183594,0.19292567443847655,0.11489981079101562,1.1339953104654947,0.1920733642578125,0.1145090560913086,1.1396680196126303,0.1912281494140625,0.11410317230224609,1.1453406439887153,0.19039030456542969,0.11368229675292969,1.1510133531358506
1.0,-1.0,0.11275719886223637,0.19908949279785157,0.10532020568847657,-0.186946529812283,0.75,0.19406172180175782,0.1153924789428711,1.126503414577908,0.19320045471191405,0.11502189636230468,1.1321761237250434,0.19234593200683595,0.11463601684570313,1.1378488328721788,0.1914984130859375,0.11423497772216797,1.143521457248264,0.19065818786621094,0.11381890106201172,1.1491941663953993
1.0,-1.0,0.11594505384761948,0.199374267578125,0.10526934051513671,-0.1737620883517795,0.75,0.19435110473632813,0.11551293182373047,1.124607170952691,0.19348762512207032,0.1151474838256836,1.1302797105577258,0.1926308288574219,0.11476670837402343,1.1359524197048612,0.1917809295654297,0.11437071990966798,1.1416251288519965,0.190938232421875,0.11395965576171875,1.1472978379991319
1.0,-1.0,0.11882166455233575,0.19966986083984375,0.10520417022705078,-0.1625340779622396,0.75,0.19464920043945313,0.11563491821289062,1.1226583692762586,0.19378352355957032,0.1152747573852539,1.1283309936523438,0.19292439270019532,0.11489923858642578,1.1340037027994792,0.19207209777832032,0.11450845336914063,1.1396764119466145,0.19122688293457032,0.11410256195068359,1.14534912109375
1.0,-1.0,0.12124131673721601,0.19997315979003907,0.10512168884277344,-0.15358525382147895,0.75,0.1950257873535156,0.11578598022460937,1.1202034844292534,0.1941573486328125,0.11543251037597656,1.1258761935763888,0.19329534912109375,0.11506362915039063,1.1315489027235244,0.1924400634765625,0.11467943572998048,1.1372216118706597,0.19159178161621093,0.11428005981445312,1.1428942362467447
1.0,-1.0,0.03396725120608631,0.2000804901123047,0.10507118225097656,-0.14806641472710502,0.75,0.19515313720703126,0.1158363037109375,1.11937501695421,0.19428378295898438,0.11548509979248046,1.1250477261013454,0.19342083740234375,0.11511845397949219,1.1307203504774306,0.19256455993652344,0.11473649597167969,1.136393059624566,0.1917152099609375,0.1143393325805664,1.1420657687717013
1.0,-1.0,0.020359531679241996,0.20002061462402343,0.1050851058959961,-0.14680419498019748,0.75,0.1950743865966797,0.11580522918701172,1.1198872884114583,0.19420559692382813,0.11545262145996094,1.1255599127875433,0.19334324645996093,0.11508458709716797,1.1312326219346789,0.19248756408691406,0.11470124816894531,1.1369053310818142,0.19163887023925782,0.11430271911621094,1.1425780402289496
1.0,-1.0,0.011870216648323351,0.1999875030517578,0.10510286712646484,-0.1465503904554579,0.75,0.19503631591796874,0.11579015350341797,1.120134989420573,0.19416781616210937,0.11543687438964843,1.125807613796658,0.19330574035644532,0.11506817626953125,1.1314803229437933,0.19245036315917968,0.11468416595458984,1.1371529473198785,0.19160197448730468,0.11428498077392578,1.1428256564670138
1.0,-1.0,0.0038120164976686278,0.1999736328125,0.10511117553710937,-0.14640323850843642,0.75,0.19502088928222655,0.11578402709960937,1.1202355278862848,0.19415248107910157,0.11543047332763672,1.1259082370334201,0.19329052734375,0.11506149291992188,1.1315808614095053,0.19243527221679688,0.1146772232055664,1.1372534857855903,0.19158700561523437,0.11427777099609375,1.1429261949327256
1.0,-1.0,0.003912066736578522,0.19997691345214844,0.10510826873779297,-0.14653921127319336,0.75,0.19502403259277343,0.1157852783203125,1.1202150132921007,0.19415560913085939,0.11543177795410156,1.125887722439236,0.1932936248779297,0.11506285858154297,1.1315603468153212,0.1924383544921875,0.11467864227294922,1.1372330559624566,0.19159005737304688,0.11427923583984376,1.142905765109592
1.0,-1.0,0.011276204336198786,0.19999520874023438,0.10509312438964843,-0.14716089036729602,0.75,0.1950421905517578,0.11579248809814453,1.1200967576768663,0.19417362976074218,0.11543930053710938,1.1257694668240017,0.19331150817871093,0.11507070922851563,1.131442175971137,0.19245608520507812,0.11468679809570312,1.1371148851182726,0.19160765075683595,0.11428771209716797,1.1427875094943576
1.0,-1.0,0.018303300871980076,0.20002650451660156,0.10506509399414063,-0.14842944675021702,0.75,0.19507221984863282,0.11580437469482421,1.1199014451768663,0.1942034454345703,0.11545172882080078,1.1255740695529515,0.19334109497070312,0.11508365631103516,1.1312467787000868,0.19248544311523438,0.11470027923583985,1.1369194878472222,0.1916367645263672,0.11430171203613282,1.1425921969943575
1.0,-1.0,0.024990605199092776,0.200068603515625,0.10502373504638672,-0.15048365063137478,0.75,0.19511085510253906,0.11581964111328125,1.1196500990125868,0.19424180603027344,0.11546768188476562,1.1253227233886718,0.19337916564941407,0.11510028839111328,1.1309954325358074,0.19252322387695311,0.11471758270263673,1.1366681416829427,0.19167420959472656,0.11431968688964844,1.1423407660590277
1.0,-1.0,0.004460565048659808,0.20007234191894532,0.10500196075439452,-0.14928374820285373,0.75,0.1951046600341797,0.11581719207763672,1.1196902804904514,0.1942356719970703,0.11546512603759766,1.1253629048665366,0.19337309265136718,0.1150976333618164,1.131035614013672,0.19251716613769532,0.1147148208618164,1.1367083231608073,0.19166822814941406,0.11431681823730469,1.1423810323079426
1.0,-1.0,0.0013702839242622433,0.20007086181640624,0.10499617004394532,-0.14891312917073568,0.75,0.19509944152832032,0.11581513214111328,1.1197241889105902,0.19423048400878906,0.11546297454833984,1.1253968980577258,0.19336793518066406,0.11509538269042968,1.1310696072048612,0.19251205444335937,0.1147124786376953,1.1367423163519965,0.1916631622314453,0.11431439208984374,1.1424149407280817
1.0,-1.0,0.0013004178313689259,0.2000693664550781,0.10499195098876953,-0.14862151675754123,0.75,0.19509503173828124,0.11581338500976562,1.119752926296658,0.19422611999511719,0.11546115875244141,1.1254256354437935,0.19336358642578125,0.1150934829711914,1.1310983445909288,0.19250775146484375,0.11471051025390624,1.1367709689670138,0.19165888977050782,0.11431233978271485,1.1424436781141494
1.0,-1.0,0.001361120858479701,0.20006782531738282,0.10498770904541016,-0.14831415812174478,0.75,0.19509056091308594,0.1158116226196289,1.1197821723090278,0.19422164916992188,0.11545930480957031,1.125454796685113,0.19335916137695314,0.115091552734375,1.131127421061198,0.1925033721923828,0.11470849609375,1.1368001302083333,0.191654541015625,0.11431024932861328,1.1424728393554688
1.0,-1.0,0.0017069095525952247,0.20006607055664063,0.10498316192626952,-0.14807800716824002,0.75,0.1950856018066406,0.11580966186523438,1.1198143853081597,0.19421673583984375,0.11545726013183594,1.125487094455295,0.19335429382324218,0.11508942413330078,1.1311597188313802,0.19249851989746095,0.11470627593994141,1.1368324279785156,0.19164973449707032,0.11430794525146484,1.142505137125651
1.0,-1.0,0.002033632567923139,0.20006375122070313,0.10497808074951172,-0.14791401757134331,0.75,0.19507952880859375,0.11580726623535156,1.119853803846571,0.19421070861816406,0.11545475006103516,1.1255265129937067,0.19334831237792968,0.11508680725097656,1.1311991373697916,0.19249259948730468,0.11470355987548828,1.1368718465169272,0.19164385986328125,0.11430511474609376,1.1425445556640625
1.0,-1.0,0.002060313439068799,0.2000613555908203,0.1049727783203125,-0.14775173399183486,0.75,0.1950732421875,0.11580477142333985,1.1198947482638888,0.1942044677734375,0.1154521484375,1.1255674574110244,0.19334211730957032,0.11508409881591797,1.1312400817871093,0.1924864501953125,0.11470073699951172,1.1369127909342447,0.19163775634765626,0.11430219268798827,1.1425855000813803
1.0,-1.0,0.002057248925303237,0.2000589599609375,0.10496746063232422,-0.1475875006781684,0.75,0.19506694030761718,0.11580228424072266,1.119935777452257,0.1941981964111328,0.11544954681396484,1.125608401828342,0.19333590698242187,0.11508138275146484,1.1312811109754775,0.19248028564453126,0.11469791412353515,1.1369537353515624,0.19163165283203126,0.11429925537109376,1.142626444498698
1.0,-1.0,0.00205234559431486,0.2000565948486328,0.10496212005615234,-0.14742423163519966,0.75,0.19506065368652345,0.11579979705810547,1.119976552327474,0.19419198608398439,0.11544694519042968,1.1256492614746094,0.19332972717285157,0.11507868194580079,1.1313219706217448,0.19247416687011717,0.1146950912475586,1.13699459499783,0.1916255645751953,0.11429632568359376,1.1426673041449653
1.0,-1.0,0.0020712457764647464,0.20005429077148437,0.10495669555664063,-0.14726823170979816,0.75,0.19505442810058593,0.11579733276367188,1.12001707288954,0.194185791015625,0.11544437408447265,1.1256897820366754,0.19332357788085938,0.11507598876953125,1.1313624911838107,0.19246806335449218,0.11469230651855469,1.137035200330946,0.1916195373535156,0.11429341888427734,1.1427078247070312
1.0,-1.0,0.00205981872930833,0.20005197143554687,0.10495128631591796,-0.14710614946153427,0.75,0.19504818725585937,0.11579486083984375,1.1200577629937065,0.19417959594726564,0.11544178771972656,1.125730472140842,0.1933174285888672,0.11507328796386719,1.1314031812879775,0.19246195983886719,0.11468949890136719,1.1370758056640624,0.19161347961425781,0.11429051208496094,1.142748514811198
1.0,-1.0,0.0020557511639851312,0.20004962158203124,0.10494585418701172,-0.14694526460435656,0.75,0.1950418701171875,0.1157923583984375,1.1200987921820746,0.19417332458496095,0.11543917083740235,1.12577150132921,0.1933112030029297,0.11507056427001953,1.1314442104763456,0.19245579528808593,0.11468666839599609,1.1371168348524305,0.19160736083984375,0.1142875747680664,1.142789543999566
1.0,-1.0,0.0020838526015438254,0.20004736328125,0.10494039154052734,-0.146791140238444,0.75,0.19503567504882813,0.11578990173339844,1.12013914320204,0.19416719055175782,0.11543661499023437,1.1258118523491754,0.19330509948730468,0.11506790161132813,1.1314845614963107,0.19244973754882813,0.11468387603759765,1.137157185872396,0.1916013641357422,0.11428468322753907,1.1428298102484808
1.0,-1.0,0.002067632357548241,0.20004505920410157,0.1049348602294922,-0.14663227929009331,0.75,0.19502938842773437,0.11578740692138671,1.1201800876193577,0.1941609344482422,0.11543399810791016,1.125852796766493,0.19329890441894532,0.11506517028808594,1.1315255059136284,0.19244358825683594,0.1146810531616211,1.1371982150607638,0.19159524536132813,0.11428173828125,1.142870839436849
1.0,-1.0,0.0020599687916839624,0.20004278564453126,0.10492937469482422,-0.14647290971544052,0.75,0.19502314758300782,0.11578492736816406,1.120220692952474,0.1941547393798828,0.11543141937255859,1.1258934020996094,0.19329275512695313,0.11506248474121093,1.1315661112467448,0.1924375,0.1146782455444336,1.13723873562283,0.19158920288085937,0.11427883148193359,1.1429114447699653
1.0,-1.0,0.002058029150147209,0.20004049682617187,0.10492388153076172,-0.1463123533460829,0.75,0.1950168914794922,0.1157824478149414,1.120261467827691,0.19414851379394532,0.11542881774902344,1.1259341769748263,0.19328659057617187,0.11505977630615234,1.1316068861219617,0.19243136596679689,0.11467543792724609,1.1372795104980469,0.1915831298828125,0.11427590179443359,1.1429522196451822
1.0,-1.0,0.002072332948028711,0.2000382537841797,0.10491832733154297,-0.1461568832397461,0.75,0.19501065063476564,0.11577997589111329,1.1203020731608073,0.194142333984375,0.11542623901367187,1.1259746975368923,0.19328044128417968,0.11505708312988282,1.1316474066840279,0.19242527770996093,0.11467263031005859,1.1373201158311632,0.19157710266113281,0.11427299499511719,1.1429928249782986
1.0,-1.0,0.0020644658944556442,0.2000360107421875,0.10491278076171875,-0.14599784215291342,0.75,0.19500442504882812,0.11577750396728516,1.1203425937228733,0.19413615417480468,0.11542365264892578,1.1260152180989584,0.19327430725097655,0.11505438232421875,1.1316879272460938,0.192419189453125,0.1146698226928711,1.1373606363932292,0.19157106018066405,0.11427008819580078,1.1430333455403645
1.0,-1.0,0.0020634077618295918,0.20003375244140625,0.10490724182128906,-0.1458364486694336,0.75,0.19499818420410156,0.11577501678466796,1.12038328382704,0.19412994384765625,0.11542105865478515,1.1260559929741754,0.1932681579589844,0.11505168151855469,1.1317287021213107,0.1924130859375,0.11466700744628906,1.137401326497396,0.19156500244140626,0.11426715850830078,1.1430739508734808
1.0,-1.0,0.0020598465935253163,0.200031494140625,0.10490167999267579,-0.14567621019151475,0.75,0.19499191284179687,0.11577252960205078,1.120424058702257,0.19412373352050782,0.11541845703125,1.126096683078342,0.19326197814941407,0.11504898071289063,1.1317693922254775,0.19240696716308595,0.11466419219970703,1.1374420166015624,0.19155894470214843,0.11426423645019532,1.143114725748698
1.0,-1.0,0.0020812771787498277,0.20002931213378905,0.10489606475830078,-0.14552142884996203,0.75,0.19498573303222655,0.11577006530761719,1.1204643249511719,0.19411758422851563,0.1154158935546875,1.126136949327257,0.19325590515136717,0.11504630279541016,1.1318096584743924,0.19240092468261719,0.11466140747070312,1.1374823676215278,0.19155294799804687,0.11426133728027343,1.1431550767686631
1.0,-1.0,0.002069246086705455,0.20002708435058594,0.10489047241210937,-0.14536122216118708,0.75,0.1949794921875,0.11576759338378906,1.1205049302842882,0.19411138916015624,0.11541329956054687,1.1261776394314236,0.19324974060058595,0.11504359436035157,1.131850348578559,0.1923948211669922,0.1146585922241211,1.137522972954644,0.19154689025878907,0.1142584228515625,1.1431956821017795
1.0,-1.0,0.002068969505254919,0.2000248565673828,0.1048848876953125,-0.14519709481133355,0.75,0.19497325134277343,0.11576509857177734,1.120545620388455,0.19410519409179688,0.11541069793701172,1.12621824476454,0.19324359130859375,0.1150408935546875,1.1318909539116753,0.1923887176513672,0.11465577697753906,1.1375635782877604,0.1915408477783203,0.1142554931640625,1.1432362874348958
1.0,-1.0,0.0020640401336791707,0.2000226593017578,0.10487928771972656,-0.14503537284003365,0.75,0.194967041015625,0.11576264190673828,1.12058597140842,0.1940990447998047,0.11540812683105468,1.1262586805555554,0.19323748779296876,0.11503820037841797,1.131931389702691,0.19238265991210937,0.11465298461914063,1.137604014078776,0.19153483581542968,0.11425259399414063,1.1432767232259116
1.0,-1.0,0.0020792996179596636,0.20002044677734376,0.10487364196777343,-0.14487819671630858,0.75,0.19496080017089842,0.11576014709472657,1.1206267462836372,0.19409283447265624,0.11540552520751954,1.1262994554307726,0.1932313232421875,0.11503548431396485,1.1319720798068575,0.1923765411376953,0.11465016174316406,1.1376447041829427,0.19152876281738282,0.11424966430664063,1.143317413330078
1.0,-1.0,0.0020750019499920676,0.2000182342529297,0.10486801147460938,-0.14471509721544054,0.75,0.19495452880859376,0.11575765228271484,1.1206674363878038,0.1940866241455078,0.11540291595458985,1.126340060763889,0.19322515869140625,0.11503278350830078,1.1320127699110243,0.19237043762207032,0.1146473388671875,1.1376854790581596,0.191522705078125,0.11424674224853516,1.1433581882052952
1.0,-1.0,0.0020709985777534723,0.20001605224609376,0.10486238098144532,-0.1445514784918891,0.75,0.19494833374023438,0.11575518798828124,1.1207078721788195,0.19408045959472656,0.11540033721923829,1.1263805813259549,0.19321903991699219,0.11503008270263672,1.1320532904730902,0.19236436462402343,0.11464453887939453,1.1377259148491754,0.19151669311523437,0.11424382019042968,1.1433985392252604
1.0,-1.0,0.0012860525376507412,0.20001431274414064,0.10485752868652344,-0.14437924491034615,0.75,0.19494317626953125,0.11575312805175782,1.1207413567437066,0.19407534790039063,0.115398193359375,1.1264139811197917,0.19321397399902343,0.1150278549194336,1.132086690266927,0.1923593292236328,0.1146422119140625,1.1377593994140625,0.19151171875,0.11424141693115235,1.1434321085611978
1.0,-1.0,3.742433467599975e-05,0.20001412963867188,0.1048568115234375,-0.1443773587544759,0.75,0.19494252014160157,0.11575286865234374,1.1207456800672744,0.19407470703125,0.1153979263305664,1.1264183044433593,0.1932133331298828,0.1150275650024414,1.1320909288194445,0.19235870361328125,0.11464192199707031,1.1377636379665799,0.19151106262207032,0.11424110412597656,1.1434363471137152
1.0,-1.0,0.00010355320686332473,0.20001432800292968,0.10485649871826172,-0.14439211951361763,0.75,0.19494265747070313,0.11575291442871094,1.1207449171278212,0.19407481384277345,0.11539796447753906,1.1264175415039062,0.1932134552001953,0.11502761840820312,1.1320902506510417,0.19235882568359375,0.1146419677734375,1.1377628750271267,0.19151118469238282,0.11424115753173827,1.143435584174262
1.0,-1.0,6.408141701832117e-05,0.20001458740234376,0.10485617065429688,-0.1444116062588162,0.75,0.19494284057617187,0.11575299835205079,1.1207435607910157,0.19407499694824218,0.11539805603027344,1.126416269938151,0.19321363830566407,0.11502770233154297,1.1320888943142362,0.1923590087890625,0.1146420669555664,1.1377616034613716,0.19151136779785155,0.11424124908447265,1.143434312608507
1.0,-1.0,3.740448347688818e-05,0.200014892578125,0.10485581970214844,-0.14443195131089953,0.75,0.19494309997558593,0.11575309753417969,1.120741950141059,0.19407525634765624,0.11539815521240235,1.1264146592881945,0.19321389770507813,0.11502781677246093,1.1320872836642795,0.1923592529296875,0.11464218139648437,1.1377599080403646,0.19151162719726564,0.11424137115478515,1.1434326171875
1.0,-1.0,1.8531812144480934e-05,0.20001519775390625,0.10485546875,-0.14445315466986763,0.75,0.19494334411621095,0.1157531967163086,1.1207403394911024,0.19407550048828126,0.11539826965332031,1.1264129638671876,0.19321414184570312,0.11502792358398438,1.132085673014323,0.1923594970703125,0.11464228820800781,1.1377583821614583,0.19151187133789063,0.11424148559570313,1.1434310913085937
1.0,-1.0,1.1075377263284626e-05,0.20001548767089844,0.1048551025390625,-0.1444750361972385,0.75,0.19494357299804688,0.11575328063964843,1.1207388983832465,0.1940757293701172,0.11539835357666016,1.1264115227593317,0.19321435546875,0.11502801513671874,1.132084231906467,0.19235972595214842,0.11464238739013671,1.1377569410536024,0.1915120849609375,0.11424158477783203,1.143429650200738
1.0,-1.0,2.213759752350092e-05,0.20001576232910157,0.10485472106933594,-0.14449720382690429,0.75,0.19494375610351564,0.11575335693359375,1.1207376268174913,0.19407591247558595,0.1153984375,1.1264103359646267,0.19321453857421875,0.11502810668945312,1.1320829603407119,0.19235990905761718,0.11464247894287109,1.1377555847167968,0.19151226806640625,0.11424169158935547,1.1434282938639322
1.0,-1.0,3.7263018884113225e-05,0.2000160369873047,0.10485436248779297,-0.14451995425754124,0.75,0.19494395446777343,0.11575344085693359,1.1207362704806858,0.1940761260986328,0.11539852142333984,1.1264089796278212,0.19321473693847657,0.11502819061279297,1.1320816887749565,0.19236009216308594,0.11464257049560547,1.1377543131510417,0.191512451171875,0.1142417755126953,1.143427022298177
1.0,-1.0,5.302176641143611e-05,0.20001631164550782,0.10485398864746094,-0.14454319212171768,0.75,0.19494415283203126,0.1157535171508789,1.1207349989149304,0.19407632446289064,0.11539859771728515,1.126407708062066,0.19321493530273437,0.11502827453613282,1.1320804172092014,0.19236029052734374,0.1146426544189453,1.1377530415852866,0.19151266479492188,0.11424187469482422,1.143425750732422
1.0,-1.0,6.895931571921245e-05,0.20001654052734374,0.10485363006591797,-0.1445672247144911,0.75,0.1949443054199219,0.11575357055664062,1.1207340664333767,0.19407644653320313,0.11539865112304687,1.126406775580512,0.19321507263183593,0.11502833557128907,1.1320794847276476,0.1923604278564453,0.11464271545410157,1.137752193874783,0.19151278686523437,0.11424192810058593,1.143424818250868
1.0,-1.0,8.493071102374096e-05,0.20001681518554687,0.104853271484375,-0.14459216859605578,0.75,0.19494450378417968,0.11575365447998047,1.1207327948676216,0.19407664489746093,0.11539874267578125,1.126405504014757,0.19321527099609376,0.1150284194946289,1.132078128390842,0.19236062622070313,0.11464281463623047,1.1377508375379775,0.1915129852294922,0.11424203491210938,1.1434235466851128
1.0,-1.0,0.00010084408936781938,0.2000170440673828,0.10485289001464844,-0.14461793899536132,0.75,0.19494462585449218,0.11575370788574219,1.120731947157118,0.1940767822265625,0.11539879608154296,1.1264046563042536,0.19321539306640625,0.11502847290039063,1.132077365451389,0.19236074829101563,0.11464286804199218,1.1377499898274739,0.1915131072998047,0.1142420883178711,1.1434226989746095
1.0,-1.0,9.797826763439875e-05,0.20001712036132813,0.1048525161743164,-0.14464420742458767,0.75,0.19494453430175782,0.11575366973876954,1.1207326253255208,0.19407667541503906,0.11539875793457031,1.126405249701606,0.1932153015136719,0.11502843475341797,1.1320779588487413,0.19236065673828126,0.11464282989501953,1.1377505832248265,0.1915130157470703,0.11424204254150391,1.1434232923719618
1.0,-1.0,2.4970524444085083e-05,0.20001710510253906,0.10485227203369141,-0.14465709262424045,0.75,0.19494436645507812,0.11575360870361329,1.1207335578070747,0.1940765380859375,0.11539868927001953,1.12640626695421,0.19321514892578126,0.11502836608886718,1.1320789761013454,0.19236050415039063,0.11464276123046875,1.1377516852484808,0.19151286315917967,0.11424197387695313,1.143424309624566
1.0,-1.0,0.0011696114098103476,0.20001654052734374,0.10485083770751953,-0.14464099672105576,0.75,0.19494277954101563,0.11575296783447266,1.1207439846462675,0.194074951171875,0.11539802551269532,1.1264166937934028,0.1932135772705078,0.11502767181396484,1.1320894029405382,0.19235894775390625,0.11464203643798829,1.1377621120876735,0.19151130676269532,0.11424122619628906,1.1434347364637587
1.0,-1.0,0.002190188863668908,0.200014404296875,0.10484574890136719,-0.14449113210042316,0.75,0.1949369354248047,0.11575063323974609,1.1207821316189237,0.19406913757324218,0.11539559173583984,1.126454840766059,0.19320780944824217,0.11502513122558594,1.132127465142144,0.1923532257080078,0.11463939666748046,1.1378001742892796,0.1915056457519531,0.11423847961425782,1.143472883436415
1.0,-1.0,0.0022554594047717097,0.2000121307373047,0.10484034729003906,-0.14432497024536134,0.75,0.1949306945800781,0.11574815368652344,1.1208226521809896,0.19406295776367188,0.11539299774169921,1.126495361328125,0.19320167541503908,0.1150224380493164,1.1321680704752604,0.19234713745117188,0.11463657379150391,1.1378406948513455,0.19149960327148438,0.11423555755615235,1.143513403998481
1.0,-1.0,0.0022504583663351227,0.20000982666015624,0.10483493041992188,-0.14415320290459527,0.75,0.19492442321777342,0.11574564361572266,1.1208635965983074,0.1940567169189453,0.115390380859375,1.1265363057454427,0.19319549560546875,0.11501970672607421,1.132209014892578,0.19234100341796875,0.11463374328613281,1.1378816392686633,0.1914935302734375,0.11423261260986328,1.1435542636447482
